{"cameraMode":{"drawMode":0,"name":"Shaded","section":"Shading Mode"},"sceneLighting":true,"audioPlay":false,"sceneViewState":{"showFog":true,"showMaterialUpdate":false,"showSkybox":true,"showFlares":true,"showImageEffects":true,"showParticleSystems":true},"in2DMode":false,"pivot":{"x":146.79098510742188,"y":79.0101318359375,"z":282.1449279785156},"rotation":{"x":0.269551157951355,"y":0.25994327664375307,"z":-0.07584883272647858,"w":0.924155592918396},"size":2.984428882598877,"orthographic":false}