{"cameraMode":{"drawMode":0,"name":"Shaded","section":"Shading Mode"},"sceneLighting":false,"audioPlay":false,"sceneViewState":{"showFog":true,"showMaterialUpdate":false,"showSkybox":false,"showFlares":true,"showImageEffects":true,"showParticleSystems":true},"in2DMode":false,"pivot":{"x":-0.6948352456092835,"y":0.4574471116065979,"z":-0.04076628386974335},"rotation":{"x":-0.12090983241796494,"y":0.5357694625854492,"z":-0.0778590589761734,"w":-0.8320295810699463},"size":0.2792750597000122,"orthographic":false}